Country,Year,Mono,One,Two,Three,Total,total_exposomes,sociopolitical,social_physical,GDP,Migration,number_leng_inst,number_stable_inst,distance,gender_equal_l,Polution_conc_inv,Eq,free_parties_l,inclu_suff_est,cred_elect_est,local_dem_est,n,Pop
Austria,2011,21.9,50.5,18.9,8.8,78.2,0.580798724495706,0.635756190801168,0.50752210275509,431685217367.511,15.6570549611063,2,4,31,0.426828279760995,0.503145435911682,0.592592592592593,0.456749385859517,0.841614906832298,0.5718729393752,0.672787531137658,2872,8375164
Austria,2013,18.66,50.14,20.66,10.64,81.44,0.612023796245296,0.642925171296124,0.570821962844191,430190979705.962,16.5613906058116,2,4,31,0.543639371099459,0.576233924840521,0.592592592592593,0.480838247290084,0.839703774486383,0.578371132270373,0.672787531137658,108,8451860
Belgium,2011,42.1,13.8,23.5,20.6,57.9,0.649688601313795,0.624768661487405,0.682915187748982,523330354138.133,10.162808151585,3,4,17,0.788752453285698,0.500733850701988,0.75925925925926,0,0.939321548017201,0.766233537416515,0.793519560515903,1852,11011716
Belgium,2013,33.86,15.56,27.5,23.12,66.18,0.700628907893829,0.690016529252265,0.71477874608258,521791015247.06,11.2231706729085,3,4,17,0.771795206135098,0.588590414828691,0.78395061728395,0.259992735052012,0.939321548017201,0.767232273423944,0.793519560515903,1100,11160992
Belgium,2017,21.5833333333333,19.35,32.8333333333333,26.3333333333333,78.5166666666667,0.706897645940199,0.689837360594835,0.729644693067351,502764720556.354,12.2835331942319,3,4,17,0.733479730340766,0.652985213058817,0.802469135802469,0.259992735052012,0.938604873387483,0.767232273423944,0.793519560515903,64,11384723
Belgium,2015,25.62,17.32,31.5,25.64,74.46,0.707102146035726,0.689837360594835,0.730121859956913,462335574841.484,12.2835331942319,3,4,17,0.770577818785721,0.635837143801066,0.78395061728395,0.259992735052012,0.938604873387483,0.767232273423944,0.793519560515903,1149,11258434
Belgium,2019,21.75,21.65,31.5,25.2,78.35,0.706849627676817,0.677363381641823,0.746164622390143,535865804349.803,12.2835331942319,3,4,17,0.763582679863982,0.660096372491632,0.814814814814815,0.259992735052012,0.916387959866222,0.73955327113315406,0.793519560515903,777,11467933
Bulgaria,2017,50.7166666666667,32.8333333333333,13.2833333333333,3.16666666666667,49.2833333333333,0.352614298236295,0.388660146611258,0.304553167069678,59309748166.1179,1.428196392424,1,2,27,0.574077430237829,0.339582070971206,0,0.187469048916231,0.650740563784042,0.208886163671582,0.507544810073176,1061,6803468
Bulgaria,2019,51.15,33.5,12.45,2.9,48.85,0.303553046129488,0.293015165082719,0.317603554191847,68881010245.5498,1.428196392424,1,2,27,0.593385048182073,0.353252774887295,0.00617283950617287,0.187469048916231,0.650740563784042,0.21168436629226,0.122166681338342,892,6985000
Croatia,2018,27.72,44.1,21.7,6.48,72.28,0.467967507068733,0.525543081308283,0.391200074749334,51011170111.8487,13.6047139871854,2,2,11,0.272754455252371,0.326771694921556,0.574074074074074,0.391769162702179,0.730530339225992,0.575696709268767,0.404176114036193,2390,4265344
Croatia,2019,25.7833333333333,46.05,22.0333333333333,6.13333333333333,74.2166666666667,0.416864850253943,0.438108939455045,0.388539397985808,56322449844.1579,13.6047139871854,2,2,11,0.148182945804232,0.400151297535909,0.617283950617283,0.391769162702179,0.730530339225992,0.467892504637976,0.162243751254032,272,4058200
Croatia,2020,23.75,47.75,22.5,6,76.25,0.431016090818687,0.451121429551038,0.404208972508887,61867157679.3215,13.6047139871854,2,2,11,0.10819453215087,0.394555842165914,0.709876543209877,0.391769162702179,0.766841853798376,0.412555009063305,0.233319692640291,136,4058200
Cyprus,2019,9.3,61.85,20.75,8.1,90.7,0.518348976820751,0.591523465137273,0.420782992398723,25947020102.4332,16.834034154295,1,0,44,0.167355264855434,0.527092477772834,0.567901234567901,0.480838247290084,0.794553272814143,0.477537326919165,0.613165013525699,522,1224000
Cyprus,2017,10.1,62.0833333333333,20.45,7.36666666666667,89.9,0.508491840511581,0.583252419162839,0.408811068976571,22946583374.7569,16.834034154295,1,0,44,0.124090086972018,0.546787564402138,0.555555555555555,0.480838247290084,0.81055900621118,0.428447409624395,0.613165013525699,683,1212900
Czechia,2011,30.9,39.6,22.4,7.1,69.1,0.57549588640669,0.615831256246202,0.52171539328734,229562733398.948,3.79727925076362,1,3,9,0.412856528398529,0.288092120599296,0.864197530864197,0.593873626237206,0.851648351648352,0.630001316158747,0.387801730940502,2657,10500000
Czechia,2013,26.94,41.64,24.2,7.22,73.06,0.584577168435884,0.642258909503217,0.507668180346106,211685616592.931,3.81975246546639,1,3,9,0.281728066583104,0.38325178309719,0.858024691358025,0.603940490870655,0.815575728619208,0.632832171857245,0.516687246665763,849,10510000
Czechia,2015,22.98,43.68,26,7.34,77.02,0.570518373201654,0.585529149167005,0.550504005247852,188033050459.881,3.84222568016916,1,3,9,0.323979707848844,0.43247057949965,0.895061728395062,0.512203096766381,0.815575728619208,0.632832171857245,0.381505599425188,237,10550000
Czechia,2017,21.1833333333333,45.0166666666667,26.5,7.3,78.8166666666667,0.577188066544074,0.592882025943423,0.556262787344941,218628940951.675,3.84222568016916,1,3,9,0.237989021748751,0.474009216829284,0.95679012345679,0.512203096766381,0.861204013377927,0.479952304254137,0.518168689375248,61,10590000
Czechia,2019,21.55,45.65,25.7,7.1,78.45,0.540472231051049,0.5490458664733,0.529040717154713,252548179964.897,3.84222568016916,1,3,9,0.181914445229453,0.473108940802588,0.932098765432099,0.512203096766381,0.861204013377927,0.444233641742675,0.378542714006216,1771,10649800
Denmark,2011,5.90000000000001,26.3,43.1,24.7,94.1,0.738176215450677,0.689799021050047,0.802679141318183,344003137611.271,9.36613248065313,1,2,11,0.980318762388752,0.619076686257154,0.808641975308643,0.456749385859517,0.913521261347349,0.66010241467572,0.728823022317601,233,5600940
Denmark,2013,5.22,27.74,42.34,24.66,94.74,0.74657664198943,0.685316251411818,0.828257162759578,343584391647.927,9.73256191696272,1,2,11,0.98815789868686,0.762045688357306,0.734567901234568,0.480838247290084,0.913521261347349,0.662057055419367,0.684848441590473,1033,5624000
Denmark,2019,7,29.55,37.1,26.35,93,0.752485295197633,0.672756806208638,0.858789947182959,346498737961.635,10.0989913532723,1,2,11,1,0.792419224264928,0.78395061728395,0.480838247290084,0.90157668418538,0.623763851768614,0.684848441590473,1026,5806100
Denmark,2017,5.13333333333334,29.7833333333333,39.8333333333333,25.1833333333333,94.8,0.740385625688507,0.676340179357228,0.825779554130212,332121063806.391,10.0989913532723,1,2,11,0.985380171917574,0.769736268250839,0.722222222222222,0.480838247290084,0.915910176779743,0.623763851768614,0.684848441590473,36,5731110
Denmark,2015,4.54,29.18,41.58,24.62,95.38,0.739032644332725,0.676340179357228,0.822622597633387,302673070846.857,10.0989913532723,1,2,11,0.939743841507157,0.775037531639919,0.753086419753086,0.480838247290084,0.915910176779743,0.623763851768614,0.684848441590473,281,5678910
Estonia,2019,6.65,22.85,41.15,29.35,93.35,0.739203700977757,0.727283440292095,0.755097381891972,31290453293.5451,15.4163092221449,1,1,84,0.701844752720087,0.970854800363237,0.592592592592593,0.603940490870655,0.883659818442428,0.711498501544693,0.710034950310603,2507,1324800
Estonia,2017,8.08333333333333,25.2166666666667,39.7833333333333,26.9166666666667,91.9166666666667,0.777452744562331,0.804724151742997,0.741090868321443,26924385103.0659,15.4163092221449,1,1,84,0.62552315664267,0.980465497704374,0.617283950617283,0.603940490870655,0.904921165790731,1,0.710034950310603,29,1327439
Estonia,2015,9.94,25.94,38.3,25.82,90.06,0.693769165828153,0.695410411451305,0.691580838330617,22890762090.1508,15.4163092221449,1,1,84,0.659284917677901,0.940148955338641,0.475308641975309,0.603940490870655,0.904921165790731,0.796832416988931,0.475947572154904,815,1331475
Estonia,2013,12.22,25.02,36.7,26.06,87.78,0.630803479120532,0.682354469560685,0.562068825200328,25115753366.1114,15.7925916070553,1,1,84,0.463750373948703,0.895295607825121,0.327160493827161,0.603940490870655,0.914715719063546,0.734814096153636,0.475947572154904,130,1326898
Estonia,2011,14.5,24.1,35.1,26.3,85.5,0.658084727585558,0.680845255816266,0.627737356611279,23213994093.4631,16.1688739919657,1,1,84,0.509798197423115,0.885759551423067,0.487654320987654,0.593873626237206,0.914715719063546,0.73884410580941,0.475947572154904,4041,1326040
Finland,2017,7.96666666666667,16.4166666666667,31.9166666666667,43.7666666666667,92.1,0.728673272271674,0.660226364859378,0.81993581548807,255647979916.471,5.73968325726902,2,3,51,0.65733831066174,1,0.802469135802469,0.480838247290084,0.842331581462017,0.673663344529051,0.644072286156362,836,5566210
Finland,2019,7.9,18.05,32.55,41.5,92.1,0.758023657759448,0.657658280769555,0.891844160412638,268514916972.549,5.73968325726902,2,3,51,0.905680218878195,0.98590164507577,0.78395061728395,0.480838247290084,0.832059245102724,0.673663344529051,0.644072286156362,1146,5514100
France,2011,41.2,34.9,19.2,4.6,58.7,0.611129847259675,0.671168277915854,0.53107860638477,2865157541994.17,11.5617252969557,1,5,15,0.601169310764201,0.553794903451837,0.438271604938271,0.456749385859517,0.841853798375538,0.707429587299265,0.678640340129095,1967,65316851
France,2017,37.0166666666667,35.25,21.7166666666667,6.01666666666667,62.9833333333333,0.685832204389838,0.681074262417452,0.692176127019685,2595151045197.65,12.0884793768866,1,5,15,0.816265901000798,0.717052603515046,0.543209876543211,0.480838247290084,0.883182035355949,0.681636426894681,0.678640340129095,50,65438667
France,2016,40.16,35.3,19.92,4.6,59.82,0.655835730660721,0.685307863306434,0.61653955379977,2439188643162.5,12.0884793768866,1,5,15,0.697502896409844,0.676807123014157,0.475308641975309,0.480838247290084,0.839464882943145,0.742287982863414,0.678640340129095,378,64818789
France,2013,40.68,35.1,19.56,4.6,59.26,0.641501908198259,0.685307863306434,0.583093968054025,2811876903329.03,11.8251023369212,1,5,15,0.644580916982944,0.617046666191478,0.487654320987654,0.480838247290084,0.839464882943145,0.742287982863414,0.678640340129095,118,66734800
France,2019,31.25,34.95,24.95,8.85,68.75,0.676407211089183,0.681074262417452,0.670184475984824,2728870246705.88,12.0884793768866,1,5,15,0.724487533997556,0.718164659389015,0.567901234567901,0.480838247290084,0.883182035355949,0.681636426894681,0.678640340129095,1127,67028000
Germany,2011,21.5,41.9,26.3,10.3,78.5,0.77243104419727,0.863909245361325,0.650460109311862,3749314991050.59,14.5186915462586,1,10,31,0.825582477601391,0.527032418235431,0.598765432098765,0.456749385859517,1,0.998887595585785,1,10,80274983
Germany,2014,21.42,41.82,26.42,10.34,78.58,0.745797455655099,0.797974165627674,0.676228509024998,3733804649549.03,14.6988714207909,1,10,31,0.860734649541857,0.618568161483755,0.549382716049383,0.480838247290084,0.89010989010989106,0.845391140221911,0.975557384888809,2394,82905782
Germany,2019,16.8,41.55,28.2,13.5,83.25,0.770107575389864,0.834768258645469,0.683893331049057,3889177589254.9,14.8790512953233,1,10,31,0.814817730019517,0.699825226090617,0.537037037037037,0.480838247290084,0.883420926899188,0.999256475503795,0.975557384888809,2003,83019200
Germany,2017,19.8,41.65,27.1333333333333,11.4333333333333,80.2166666666667,0.766072575949743,0.834768258645469,0.674478332355441,3690849152517.65,14.8790512953233,1,10,31,0.80239382496182,0.696349814079812,0.524691358024691,0.480838247290084,0.883420926899188,0.999256475503795,0.975557384888809,46,80425823
Germany,2016,21.34,41.74,26.54,10.38,78.66,0.753989697066441,0.797974165627674,0.695343738984797,3357585719351.56,14.8790512953233,1,10,31,0.872876922902425,0.65759873849641,0.555555555555555,0.480838247290084,0.89010989010989106,0.845391140221911,0.975557384888809,114,80274983
Greece,2019,31.15,51.75,14.2,2.9,68.85,0.624962334324878,0.714164243353444,0.506026455620124,205252760889.364,11.3423773738507,2,5,566,0.479861203672287,0.587600879237466,0.450617283950618,0.480838247290084,0.963927376970856,0.634468599490482,0.777422749662354,73,10722800
Greece,2017,32.7166666666667,49.5833333333333,14.9333333333333,2.76666666666667,67.2833333333333,0.600759765179868,0.706601247274399,0.459637789053827,199844406013.531,11.3423773738507,2,5,566,0.429434305740094,0.579108691051016,0.37037037037037,0.480838247290084,0.903248924988056,0.664895067157102,0.777422749662354,29,10645000
Greece,2015,35.18,47.4,14.68,2.76,64.84,0.561763660628951,0.703967917135623,0.372157985286723,195683527003.375,11.3423773738507,2,5,566,0.33932483912477,0.505544178463795,0.271604938271605,0.480838247290084,0.903248924988056,0.654361746601997,0.777422749662354,2497,10721582
Hungary,2011,63.2,25.9,9.2,1.7,36.8,0.594386860859112,0.727318365636899,0.417144854488729,141942264554.475,4.40031731724867,2,2,84,0.269847186788382,0.290229351986448,0.691358024691358,1,0.889393215480173,0.453926306612221,0.565953940455203,2245,9759755
Hungary,2019,54.45,29.6,12.65,3.25,45.5,0.304635246429338,0.204891265688374,0.437627220750622,164020460331.659,4.56246525249104,2,2,84,0.18601363383361,0.484892719776279,0.641975308641976,0.0274007053717487,0.792164357381749,0,0,739,9772800
Hungary,2017,56.55,28.9333333333333,11.6166666666667,2.88333333333333,43.4333333333333,0.338991800480261,0.290216734980804,0.404025221146204,143112196040.326,4.56246525249104,2,2,84,0.126011095067465,0.48112629676621,0.604938271604938,0.115478642147258,0.799092212135691,0.0980903522666448,0.148205733373621,26,9913588
Italy,2019,33.05,39.55,21.45,6,67,0.556318557239642,0.612556195711775,0.481335039276799,2011302198827.45,9.6807677420957,1,7,21,0.582472706593823,0.50350771987855,0.358024691358025,0.480838247290084,0.760630673674152,0.597827287565276,0.610928574317589,818,60359500
Italy,2017,33.6833333333333,40.9166666666667,20.55,4.93333333333333,66.4,0.546244186397989,0.6146981559719,0.454972226966108,1961796197354.36,9.6807677420957,1,7,21,0.584059033754853,0.503079869365694,0.277777777777777,0.480838247290084,0.778308647873866,0.621226415405655,0.578419313317995,87,60789190
Italy,2015,35.22,41.2,19.4,4.26,64.86,0.512581775838313,0.578025922647491,0.425322913426076,1836637711060.55,9.6807677420957,1,7,21,0.553344457445312,0.413982307524276,0.308641975308642,0.480838247290084,0.778308647873866,0.606741175722192,0.446215619703823,1327,60795612
Italy,2013,37.66,40.4,18,3.98,62.38,0.508190933959124,0.578025922647491,0.415077615707969,2141924094298.56,9.69373440512658,1,7,21,0.496156449738574,0.409570224545826,0.339506172839505,0.480838247290084,0.778308647873866,0.606741175722192,0.446215619703823,1272,60650000
Italy,2011,40.1,39.6,16.6,3.7,59.9,0.479988256685893,0.577895516964031,0.349445242981708,2294994296589.5,9.70670106815747,1,7,21,0.462407048192141,0.258768186925823,0.327160493827161,0.456749385859517,0.942666029622552,0.474585908591476,0.43758074378258,1037,59296632
Latvia,2019,4.6,30.05,50.95,14.35,95.35,0.460142815797487,0.336982179916302,0.6243569969724,34225547537.0745,13.3532402640341,1,2,60,0.818484879851504,0.690388580201498,0.364197530864198,0.379773677279894,0,0.603989380926697,0.364165661458619,776,1907800
Latvia,2017,4.33333333333334,32.4833333333333,49.85,13.25,95.5833333333333,0.435598392763092,0.346251549467754,0.554727517156876,30483806017.8318,13.3532402640341,1,2,60,0.666913512530305,0.700972742644027,0.296296296296297,0.312628092200508,0.0155279503105583,0.605146139365442,0.451704015994506,908,1903000
Lithuania,2017,4.51666666666667,42.1333333333333,40.45,12.9666666666667,95.55,0.53116995027916,0.57439773141487,0.473532908764879,47758736931.7801,4.72608962255138,1,2,83,0.455658050759793,0.773582650843486,0.191358024691358,0.518012693042467,0.877687529861444,0.533839426438748,0.368051276316823,634,2778000
Lithuania,2019,4.55,40.6,43.35,11.5,95.45,0.555819916901424,0.575727286586563,0.529276757321238,54808531641.4117,4.72608962255138,1,2,83,0.507530485837698,0.765484971311202,0.314814814814815,0.518012693042467,0.873865265169614,0.542979911817351,0.368051276316823,1399,2794200
Luxembourg,2013,2.86,9.48,24.04,63.68,97.2,0.526356556532739,0.547656308439092,0.497956887324268,65203276466.9763,39.2271146141833,2,0,20,0.279865332126045,0.69548681132824,0.518518518518518,0.480838247290084,0.710463449593885,0.603656598184934,0.395666938687464,947,543000
Luxembourg,2015,4.62,13.96,26.08,55.36,95.4,0.543416709660275,0.547656308439092,0.537763911288519,60071584216.1375,43.9641339422687,2,0,20,0.395900861554826,0.754427909347769,0.462962962962963,0.480838247290084,0.710463449593885,0.603656598184934,0.395666938687464,453,569000
Luxembourg,2019,5.5,16.75,25.1,52.65,94.5,0.517131905398845,0.530762992659873,0.49895712238414,69890505323.5842,43.9641339422687,2,0,20,0.334706929885288,0.779448387884415,0.382716049382716,0.480838247290084,0.709030100334449,0.603656598184934,0.329527024830027,671,613900
Luxembourg,2017,5.5,16.3833333333333,26.4333333333333,51.6833333333333,94.5,0.514126776151578,0.547656308439092,0.469420733101561,65712180342.9836,43.9641339422687,2,0,20,0.254371244268105,0.789693424172379,0.364197530864198,0.480838247290084,0.710463449593885,0.603656598184934,0.395666938687464,33,598000
Malta,2017,10.2333333333333,34.8666666666667,40.0833333333333,14.8166666666667,89.7666666666667,0.449599553570998,0.424125475561718,0.483564990916704,13484541925.7714,9.8984880693625,1,1,24,0.0913960103067459,0.667940937752009,0.691358024691358,0.0970280261725964,0.873387482083134,0.334000533759073,0.392085860232066,475,464000
Malta,2019,14.3,39.8,33.85,12.05,85.7,0.446751589672481,0.424125475561718,0.476919741820165,16004563885.7539,9.8984880693625,1,1,24,0.20502106892747,0.645491242952779,0.580246913580247,0.0970280261725964,0.873387482083134,0.334000533759073,0.392085860232066,784,493600
Netherlands,2011,13.9,25.2,37.1,23.7,86,0.737235578642613,0.72759410351785,0.750090878808964,905270626332.687,11.1537458235597,2,9,14,0.941901823111549,0.530593035537567,0.777777777777778,0.456749385859517,0.884854276158625,0.998887595585785,0.569885156467473,518,16645000
Netherlands,2013,13.82,26.6,37.1,22.46,86.16,0.696354270626467,0.675827165309369,0.723723744382597,877172824534.512,11.4247142823404,2,9,14,0.754033215488991,0.657878758399541,0.75925925925926,0.480838247290084,0.885809842331582,0.766775415148336,0.569885156467473,1049,16750000
Netherlands,2019,10.35,24.7,34.55,30.4,89.65,0.664668829711179,0.657048451587722,0.674829333875788,910194347568.626,11.6956827411211,2,9,14,0.644007914732912,0.689122062203096,0.691358024691358,0.480838247290084,0.869087434304826,0.708382968288504,0.569885156467473,979,17410000
Poland,2019,30,46.2,19.85,3.9,69.95,0.49782387612697,0.564226860220629,0.40928656400209,596058473058.766,1.60418083655994,1,3,45,0.308738892318581,0.203071416971638,0.71604938271605,0.518012693042467,0.836120401337792,0.223680374023149,0.679093972479109,1278,37950000
Poland,2017,31.9333333333333,45.4,19.4166666666667,3.16666666666667,67.9833333333333,0.555375343128699,0.690999880199329,0.374542627034525,524641252834.826,1.60418083655994,1,3,45,0.266344509582717,0.196789544360365,0.660493827160494,0.518012693042467,0.933588150979455,0.602494978482145,0.709903698293248,1943,38640000
Poland,2015,33.94,43.74,19.2,3.04,65.98,0.598994507286445,0.762561321547621,0.380905421604876,477111287969.227,1.60418083655994,1,3,45,0.414607839209798,0.197244228073966,0.530864197530864,0.746059748677704,0.933588150979455,0.660693688240078,0.709903698293248,359,38750000
Poland,2011,38.1,38.7,19.2,4,61.9,0.505934763256214,0.683710672823743,0.268900217166174,524374183218.309,1.65314423403824,1,3,45,0.362256207054077,0,0.444444444444444,0.279909980941069,0.97372193024367,0.730709365681395,0.75050141442884,32,38175000
Portugal,2011,41.5,26.6,20.5,11.5,58.6,0.580249142405441,0.696133748675272,0.425736334045665,245117990242.248,7.3833357951508,2,2,21,0.268378899560797,0.755743682823111,0.253086419753087,0.456749385859517,0.84495938843765,0.712124287787362,0.770701932616562,1710,10512254
Portugal,2016,30.85,29.25,24.8333333333333,15.0833333333333,69.1666666666667,0.673617029749779,0.757918821554342,0.561214640677027,221357874718.93,8.0895935893659,2,2,21,0.423898698498664,0.852337816125009,0.407407407407407,0.480838247290084,0.896559961777354,0.883575144533371,0.770701932616562,9,10470000
Portugal,2015,33.1,28.44,23.94,14.54,66.92,0.636048131252454,0.727363720529281,0.514294012216685,199394066525.44,8.0895935893659,2,2,21,0.407074249443784,0.833338651403803,0.302469135802469,0.480838247290084,0.896559961777354,0.761354740433126,0.770701932616562,195,10501200
Romania,2019,57.7,29.95,11.25,1.05,42.25,0.402825936891591,0.421790720149067,0.377539559214956,251017797625.017,1.16313480315329,2,2,144,0.264307006775348,0.522632658523842,0.345679012345679,0.379773677279894,0.832059245102724,0.453214588086925,0.0221153701267236,1248,19200000
Romania,2017,62.0333333333333,26.45,10.55,0.95,37.95,0.331745304470748,0.382485611816826,0.264091561342644,210147163769.848,1.16313480315329,2,2,144,0,0.520669745756327,0.271604938271605,0.391769162702179,0.829431438127091,0.286626476311311,0.0221153701267236,835,19470000
Slovenia,2019,9.95,18.65,24.4,47,90.05,0.629923544669341,0.57011900087543,0.709662936394557,54386654313.9685,11.4129640933173,2,1,12,0.678219280400696,0.46311520779532,0.987654320987654,0.518012693042467,0.8561872909699,0.511338699266945,0.394937320222407,1626,2080200
Slovenia,2017,13.9166666666667,20.0166666666667,25.2666666666667,40.8,86.0833333333333,0.657733489884756,0.6270512315353,0.698643167684032,48589100043.0954,11.4129640933173,2,1,12,0.620825950603305,0.47510355244879,1,0.518012693042467,0.8561872909699,0.625717031510266,0.508287910618566,57,2089000
Slovenia,2015,14.24,19.56,27.08,39.14,85.78,0.629271354675515,0.596332366462193,0.673190005626612,43107506024.3254,11.4129640933173,2,1,12,0.674147177895333,0.419496913058577,0.925925925925926,0.518012693042467,0.84854276158624,0.510486100601497,0.508287910618566,1533,2080000
Slovenia,2013,10.92,17.28,29.84,42.02,89.14,0.658809332458844,0.681565991451114,0.62846712046915,48415657264.8758,11.7937170278644,2,1,12,0.612509496370865,0.396348655160043,0.876543209876543,0.746059748677704,0.849737219302438,0.62217908720575,0.508287910618566,532,2061500
Slovenia,2011,7.59999999999999,15,32.6,44.9,92.5,0.682417292755148,0.74997133300007,0.592345239095251,51583869785.1849,12.1744699624115,2,1,12,0.539243495798097,0.281002098030865,0.95679012345679,1,0.849737219302438,0.641860202079278,0.508287910618566,1543,2050191
Spain,2019,44.75,34.7,15.05,5.5,55.25,0.734383399500478,0.767573520526197,0.690129904799519,1394320055129.41,12.6902371918259,4,2,9,0.898806430188091,0.795040074333924,0.376543209876544,0.480838247290084,0.972288580984234,0.816179017342091,0.800988236488378,1064,47200000
Spain,2017,45.45,34.7666666666667,14.55,5.3,54.6166666666667,0.6527307646667,0.673645401668012,0.624844581998285,1313245330197.65,12.6902371918259,4,2,9,0.728583250926207,0.794098643216795,0.351851851851851,0.480838247290084,0.886287625418061,0.526467497475526,0.800988236488378,106,46950000
Spain,2016,46.42,34.64,13.96,5.06,53.66,0.646993119355833,0.689245859267658,0.590656132806732,1196156971279.69,12.6902371918259,4,2,9,0.754658682158509,0.758050457002427,0.259259259259259,0.480838247290084,0.886287625418061,0.588869327874111,0.800988236488378,329,46700000
Spain,2013,47.66,34.32,13.28,4.78,52.38,0.667837241913958,0.733316751875627,0.580531228631732,1355579535912.55,13.0045834623447,4,2,9,0.716263551877634,0.766070874758303,0.259259259259259,0.480838247290084,0.906115623506929,0.74532490021712,0.800988236488378,2360,46670000
Spain,2011,48.9,34,12.6,4.5,51.1,0.653347152140712,0.732521695817834,0.547781093904549,1480710495710.12,13.3189297328634,4,2,9,0.682560690445687,0.670659134477839,0.290123456790123,0.456749385859517,0.906115623506929,0.766233537416515,0.800988236488378,1053,46196548
Sweden,2011,8.2,31.6,29.7,30.5,91.8,0.78567488229906,0.731432107600651,0.857998581896938,574094112972.733,15.162381155937,2,0,21,0.88526323017351,0.89860905872718,0.790123456790123,0.456749385859517,0.813903487816532,0.793462766832088,0.861612789894467,42,9448073
Sweden,2013,6.28,37.32,30.5,25.9,93.72,0.796084282709819,0.737716998227077,0.873907328686809,586841821796.891,15.9649699531588,2,0,21,0.94755869945104,0.958113903893338,0.71604938271605,0.480838247290084,0.813903487816532,0.794513467907224,0.861612789894467,1362,9481000
Sweden,2015,4.36000000000001,43.04,31.3,21.3,95.64,0.785481024563946,0.71893276089067,0.87421204279498,505103781349.757,16.7675587503806,2,0,21,0.959349895627042,0.97192820806654,0.691358024691358,0.480838247290084,0.809842331581462,0.762164950552001,0.822885514139133,162,9525000
Sweden,2016,3.51666666666667,46.7166666666667,31.8,17.95,96.4666666666667,0.780043691401416,0.71893276089067,0.861524932082411,541018749769.097,16.7675587503806,2,0,21,0.888476950589474,0.980048462941711,0.71604938271605,0.480838247290084,0.809842331581462,0.762164950552001,0.822885514139133,42,9545000
Sweden,2019,3.75,48.35,32,15.85,96.2,0.773035390304849,0.70086722342891,0.869259612806101,533879529188.454,16.7675587503806,2,0,21,0.940462182332811,0.982131470900309,0.685185185185185,0.480838247290084,0.76923076923077,0.686623450532943,0.866776426661845,1184,9753000
Switzerland,2011,12.1,20.9,34.2,32.9,88,0.611132730821539,0.659838779772511,0.546191332220243,715888126682.396,27.0782615919657,3,5,28,0.493945528283135,0.607591431340556,0.537037037037037,0.456749385859517,0.851887243191591,0.544753256358795,0.78596523368014,1306,7851000
Switzerland,2013,10.58,20.42,34.72,34.34,89.48,0.628778047658607,0.677075975714684,0.564380810250504,706234937370.968,28.232473566981,3,5,28,0.536200523898343,0.669287585865513,0.487654320987654,0.480838247290084,0.851887243191591,0.589613178696921,0.78596523368014,49,8120000
Switzerland,2016,8.3,19.7,35.5,36.5,91.7,0.588084828450292,0.580293266325754,0.598473577949677,695200833086.499,29.3866855419963,3,5,28,0.530847647900476,0.789264443973245,0.475308641975309,0.480838247290084,0.835403726708075,0.551448630301773,0.453482461003083,33,8344000
Switzerland,2017,8.3,19.7,35.5,36.5,91.7,0.613892037126547,0.629238309272155,0.593430340932404,721369112726.724,29.3866855419963,3,5,28,0.598162130030467,0.787067164371683,0.395061728395062,0.480838247290084,0.830864787386528,0.531562147614488,0.673688054797519,1179,8416000
Switzerland,2015,9.06,19.94,35.24,35.78,90.96,0.631247208523444,0.660143250282132,0.592719152845193,694118186379.628,29.3866855419963,3,5,28,0.568473789489118,0.709683669046461,0.5,0.480838247290084,0.835403726708075,0.538365793450229,0.78596523368014,67,8300000
Austria,2017,13.4333333333333,50.1666666666667,23.5166666666667,12.9666666666667,86.65,0.632453993911947,0.630783885407954,0.634680805250606,417261151844.977,17.465726250517,2,4,31,0.551164626596747,0.692383961994576,0.660493827160494,0.480838247290084,0.768514094601051,0.600995668603022,0.672787531137658,36,8772865
Austria,2015,15.42,49.78,22.42,12.48,84.68,0.607060203159468,0.642925171296124,0.559240245643925,381971148530.543,17.465726250517,2,4,31,0.43762701017644,0.628982615644225,0.611111111111111,0.480838247290084,0.839703774486383,0.578371132270373,0.672787531137658,123,8584926
Austria,2019,12.7,51.3,23.95,12.1,87.35,0.623048696556997,0.612824094029719,0.6366814999267,444596155845.254,17.465726250517,2,4,31,0.597203310692323,0.683211559458146,0.62962962962963,0.480838247290084,0.79933110367893,0.498339494012204,0.672787531137658,1181,8858775
